source,source_url,job_title,company_name,location,employment_type,work_schedule,experience_level,industry,salary,deadline,description,responsibilities,requirements,additional_notes,full_text
job.am,https://job.am/en/job/aktiv-vacharqi-masnaget-door-to-door-72525,Ակտիվ վաճառքի մասնագետ (door to door),VTelecom,Yerevan,"Full Time, Part Time",Other,Not required,"Customer Support, Client Care, Information Technologies, Software Development Students will also be considered",,2026-04-19,V telecom ընկերությունը աշխատանքի է հրավիրում ակտիվ վաճառքի մասնագետներ գովազդային արշավներ ապահովելու համար։,"Տնայցի և հեռախոսազանգի միջոցով ներկայացնել ընկերության ծառայությունները, առաջարկներն ու սակագնային պլանները Պատասխանել կապի և ծառայությունների վերաբերյալ քաղաքացիներին հետաքրքրող հարցերին Կատարել համապատասխան տվյալների գրանցում Անմիջական ղեկավարին տրամադրել հաշվետվություն կատարած աշխատանքի վերաբերյալ",Միջին մասնագիտական կամ բարձրագույն կրթություն (ցանկալի է) աշխատանքային փորձ (ցանկալի է) հաղորդակցման հմտություններ Գրագետ խոսք Ֆիզիկական պատրաստվածություն,"Աշխատանքային գրաֆիկը ճկուն է Դիտարկվում է ինչպես ամբողջական, այնպես էլ կես դրույքով զբաղվածություն Կարող են դիմել նաև ուսանողները Company օverview Address Գևորգ Չաուշ 11/1 Number of employees 151-500 Phone +374 44 010139 «V Telecom» ընկերությունը ժամանակակից հեռահաղորդակցության ծառայություններ տրամադրող ընկերություն է, որն ավելի քան 20 տարվա փորձ ունի տվյալ ոլորտում։ Ընկերությունը տրամադրում է բազմաբնակարանային շենքերի, առանձնատների, բիզնես-կենտրոնների եւ հասարակական տարածքների կապի եւ անվտանգության ամբողջական լուծումներ։ Մեր առավելությունն այն է, որ բոլոր անհրաժեշտ ծառայությունները պատվիրատուն ստանում է մեկ տեղից՝ հարմարավետ, անվտանգ, արագ և արդյունավետ: ԲՈԼՈՐԸ ՄԵԿՈՒՄ՝ ԻՆՏԵՐՆԵՏ, ՑԱՆՑԱՅԻՆ ԼՈՒԾՈՒՄՆԵՐ, ԱՆՎՏԱՆԳՈՒԹՅՈւՆ See more Benefits Corporate events Flexible working schedule Free tea, coffee and refreshments Reward system Business trips Personal accident, death, illness insurance Free parking No dress code","V telecom ընկերությունը աշխատանքի է հրավիրում ակտիվ վաճառքի մասնագետներ գովազդային արշավներ ապահովելու համար։

Տնայցի և հեռախոսազանգի միջոցով ներկայացնել ընկերության ծառայությունները, առաջարկներն ու սակագնային պլանները Պատասխանել կապի և ծառայությունների վերաբերյալ քաղաքացիներին հետաքրքրող հարցերին Կատարել համապատասխան տվյալների գրանցում Անմիջական ղեկավարին տրամադրել հաշվետվություն կատարած աշխատանքի վերաբերյալ

Միջին մասնագիտական կամ բարձրագույն կրթություն (ցանկալի է) աշխատանքային փորձ (ցանկալի է) հաղորդակցման հմտություններ Գրագետ խոսք Ֆիզիկական պատրաստվածություն

Աշխատանքային գրաֆիկը ճկուն է Դիտարկվում է ինչպես ամբողջական, այնպես էլ կես դրույքով զբաղվածություն Կարող են դիմել նաև ուսանողները Company օverview Address Գևորգ Չաուշ 11/1 Number of employees 151-500 Phone +374 44 010139 «V Telecom» ընկերությունը ժամանակակից հեռահաղորդակցության ծառայություններ տրամադրող ընկերություն է, որն ավելի քան 20 տարվա փորձ ունի տվյալ ոլորտում։ Ընկերությունը տրամադրում է բազմաբնակարանային շենքերի, առանձնատների, բիզնես-կենտրոնների եւ հասարակական տարածքների կապի եւ անվտանգության ամբողջական լուծումներ։ Մեր առավելությունն այն է, որ բոլոր անհրաժեշտ ծառայությունները պատվիրատուն ստանում է մեկ տեղից՝ հարմարավետ, անվտանգ, արագ և արդյունավետ: ԲՈԼՈՐԸ ՄԵԿՈՒՄ՝ ԻՆՏԵՐՆԵՏ, ՑԱՆՑԱՅԻՆ ԼՈՒԾՈՒՄՆԵՐ, ԱՆՎՏԱՆԳՈՒԹՅՈւՆ See more Benefits Corporate events Flexible working schedule Free tea, coffee and refreshments Reward system Business trips Personal accident, death, illness insurance Free parking No dress code"
job.am,https://job.am/en/job/risk-management-specialist-entry-level-68945,Risk Management Specialist (Entry Level),Unified IT Support,Yerevan,Full Time,Five-day workweek,"Junior, Mid level","Information Technologies, Software Development",,2026-04-17,,,"Excellent knowledge of English and Armenian. Strong analytical skills and high attention to detail. Basic understanding of risk assessment tools and methodologies (training provided). Ability to work collaboratively in a team environment. Familiarity with casino game algorithms and understanding of sports-related information (an advantage, not mandatory). Willingness to learn and acquire new skills. Benefits Competitive, experience-based salary. Upskilling and reskilling training opportunities. Participation in social events and corporate activities. Supportive and growth-oriented work environment. Please note: This position involves working in rotating shifts. Location: Yerevan, Armenia Employment Type: Full-time Seniority Level: Entry Level",,"Excellent knowledge of English and Armenian. Strong analytical skills and high attention to detail. Basic understanding of risk assessment tools and methodologies (training provided). Ability to work collaboratively in a team environment. Familiarity with casino game algorithms and understanding of sports-related information (an advantage, not mandatory). Willingness to learn and acquire new skills. Benefits Competitive, experience-based salary. Upskilling and reskilling training opportunities. Participation in social events and corporate activities. Supportive and growth-oriented work environment. Please note: This position involves working in rotating shifts. Location: Yerevan, Armenia Employment Type: Full-time Seniority Level: Entry Level"
job.am,https://job.am/en/job/1c-erp-masnaget-72524,1C ERP մասնագետ,Նոր Փրոջեկտս ՍՊԸ,Abovyan,Full Time,Six-day workweek,Senior,"Administrative, Clerical, Information Technologies, Software Development",,2026-04-19,"Նոր Փրոջեկտսը փնտրում է փորձառու 1C ERP մասնագետ , ով պատասխանատու կլինի համակարգի արդյունավետ աշխատանքի ապահովման, բիզնես գործընթացների ավտոմատացման և տեխնիկական աջակցության համար։",1C ERP համակարգի կարգավորում և սպասարկում Նոր ֆունկցիոնալ հնարավորությունների ներդրում Օգտատերերի հարցերի լուծում և խորհրդատվություն Համակարգի աշխատանքի վերլուծություն և օպտիմիզացում,Աշխատանքային փորձ 1C ERP համակարգի հետ 1C ծրագրի կոնֆիգուրացիաների լավ իմացություն ERP համակարգերի և բիզնես գործընթացների լավ պատկերացում Պատասխանատվություն և թիմային աշխատանք Ավելացրու որ բարձր աշխատավարձ կլինի,,"Նոր Փրոջեկտսը փնտրում է փորձառու 1C ERP մասնագետ , ով պատասխանատու կլինի համակարգի արդյունավետ աշխատանքի ապահովման, բիզնես գործընթացների ավտոմատացման և տեխնիկական աջակցության համար։

1C ERP համակարգի կարգավորում և սպասարկում Նոր ֆունկցիոնալ հնարավորությունների ներդրում Օգտատերերի հարցերի լուծում և խորհրդատվություն Համակարգի աշխատանքի վերլուծություն և օպտիմիզացում

Աշխատանքային փորձ 1C ERP համակարգի հետ 1C ծրագրի կոնֆիգուրացիաների լավ իմացություն ERP համակարգերի և բիզնես գործընթացների լավ պատկերացում Պատասխանատվություն և թիմային աշխատանք Ավելացրու որ բարձր աշխատավարձ կլինի"
job.am,https://job.am/en/job/1c-cragreri-pordzaru-masnaget-1c-specialist-70712,1C ծրագրերի փորձառու մասնագետ / 1C Specialist,O2 Gardens,"Ajapnyak, Yerevan",Full Time,Six-day workweek,"Mid level, Senior","Administrative, Clerical, Information Technologies, Software Development",,2026-04-19,"O2 Gardens-ը փնտրում է 1C ծրագրերի փորձառու մասնագետ, ով կմիանա մեր թիմին և կապահովի 1C ERP և 1C Հաշվապահություն, 8.3 ծրագրերի աշխատանքը: 📌 Պարտականություններ Տվյալների փոխանակման մեխանիզմների իմացություն՝ XML, JSON, CommerceML, Excel 1C ERP / 1C Հաշվապահություն 8.3 համակարգերի սպասարկման առնվազն 1–2 տարվա աշխատանքային փորձ, 1C համակարգում փաստաթղթերի, ռեգիստրների, հաշվետվությունների և հիմնական օբյեկտների կառուցվածքի խորքային իմացություն Վեբ կայքերի ինտեգրման փորձ այլ համակարգերի հետ (CMS, API, տվյալների ներմուծում և արտահանում) 📌 Պահանջներ Տեխնիկական խնդիրներին արագ լուծմներ տալու կարողություն Կառուցվածքային մտածողություն, բարձր տեխնիկական գրագիտություն Գերազանց հաղորդակցման հմտություններ՝ աշխատակիցներին աջակցելու, խնդիրները հասկանալի ներկայացնելու և լուծումներ առաջարկելու համար 1C Professional կամ 1C Specialist սերտիֆիկատները կդիտվեն որպես առավելություն։",,,"Մենք առաջարկում ենք՝ Կայուն և երկարաժամկետ համագործակցություն Մասնագիտական աճի հնարավորություն Ընկերական և պրոֆեսիոնալ թիմ Մրցունակ աշխատավարձ (ըստ փորձի) 📍 Աշխատանքի վայր ք․Երևան, Սիլիկյան թաղամաս, 13-րդ փողոց, Հ 2/8 📩 Հետաքրքրված թեկնածուները կարող են ուղարկել իրենց ինքնակենսագրականը (CV) Company օverview Address Սիլիկյան թաղամաս, 13-րդ փողոց, Հ 2/8, Yerevan, Armenia, 0029, Yerevan, Armenia Number of employees 51-150 Website https://www.instagram.com/o2_gardens_/ Phone +374 43 999027 🌿 Կանաչապատման համալիր ծառայություններ 🌿 Բույսերի և ծաղկամանների ամենամեծ տեսականին Հայաստանում 🌿 Բնական կանաչ պատեր 🌱 Կանաչ տուրեր See more Benefits Annual salary review Corporate events Reward system Free parking Paid day-offs No dress code","O2 Gardens-ը փնտրում է 1C ծրագրերի փորձառու մասնագետ, ով կմիանա մեր թիմին և կապահովի 1C ERP և 1C Հաշվապահություն, 8.3 ծրագրերի աշխատանքը: 📌 Պարտականություններ Տվյալների փոխանակման մեխանիզմների իմացություն՝ XML, JSON, CommerceML, Excel 1C ERP / 1C Հաշվապահություն 8.3 համակարգերի սպասարկման առնվազն 1–2 տարվա աշխատանքային փորձ, 1C համակարգում փաստաթղթերի, ռեգիստրների, հաշվետվությունների և հիմնական օբյեկտների կառուցվածքի խորքային իմացություն Վեբ կայքերի ինտեգրման փորձ այլ համակարգերի հետ (CMS, API, տվյալների ներմուծում և արտահանում) 📌 Պահանջներ Տեխնիկական խնդիրներին արագ լուծմներ տալու կարողություն Կառուցվածքային մտածողություն, բարձր տեխնիկական գրագիտություն Գերազանց հաղորդակցման հմտություններ՝ աշխատակիցներին աջակցելու, խնդիրները հասկանալի ներկայացնելու և լուծումներ առաջարկելու համար 1C Professional կամ 1C Specialist սերտիֆիկատները կդիտվեն որպես առավելություն։

Մենք առաջարկում ենք՝ Կայուն և երկարաժամկետ համագործակցություն Մասնագիտական աճի հնարավորություն Ընկերական և պրոֆեսիոնալ թիմ Մրցունակ աշխատավարձ (ըստ փորձի) 📍 Աշխատանքի վայր ք․Երևան, Սիլիկյան թաղամաս, 13-րդ փողոց, Հ 2/8 📩 Հետաքրքրված թեկնածուները կարող են ուղարկել իրենց ինքնակենսագրականը (CV) Company օverview Address Սիլիկյան թաղամաս, 13-րդ փողոց, Հ 2/8, Yerevan, Armenia, 0029, Yerevan, Armenia Number of employees 51-150 Website https://www.instagram.com/o2_gardens_/ Phone +374 43 999027 🌿 Կանաչապատման համալիր ծառայություններ 🌿 Բույսերի և ծաղկամանների ամենամեծ տեսականին Հայաստանում 🌿 Բնական կանաչ պատեր 🌱 Կանաչ տուրեր See more Benefits Annual salary review Corporate events Reward system Free parking Paid day-offs No dress code"
job.am,https://job.am/en/job/asocacvac-krtser-prodyuser-associate-producer-69603,Ասոցացված-կրտսեր պրոդյուսեր (Associate Producer),Saber Interactive Armenia,"Kentron, Yerevan",Full Time,Five-day workweek,Not required,"Executive, Upper Management, Information Technologies, Software Development Open to international applicants",,2026-04-19,,,,,"Описание Привет! Мы международная игровая студия Saber Interactive ! Мы занимаемся разработкой видеоигр на различные платформы. Saber Interactive была основана в 2001 году и на текущий день стала одним из крупнейших разработчиков компьютерных игр с офисами по всему миру. Скорее всего, вы знакомы с нашими проектами: Space Marine 2, Jurassic Park: Survival, World War Z, SnowRunner, Quake Champions, серия игр Halo. Мы продолжаем активно развиваться и ищем талантливого Associate Producer , который присоединится к нашей команде разработки и поможет нам создавать качественные и успешные проекты. Обязанности Актуализация статусов задач и направлений. Поддержка и обновление roadmap проекта. Отслеживание прогресса задач и контроль соблюдения сроков. Сбор и подготовка актуальной информации для ежедневных митингов и командных встреч, планирование спринтов. Написание отчётов, ведение и актуализация документации. Взаимодействие с командами других направлений для решения перекрёстных задач. Оперативное выявление и решение возникающих проблем. Работа с таск-трекером Jira. Координация работы команды. Требования Свободное владение русским языком (обязательно) Хорошая техническая подготовка. Владение английским языком на уровне Intermediate и выше (устно и письменно). Коммуникабельность и умение эффективно управлять временем. Организаторские способности и навык планирования. Грамотная письменная и устная речь на русском языке. Аккуратность, внимательность и усидчивость. Стрессоустойчивость. Инициативность и проактивность. Дополнительные примечания/ Будет рассматриваться как преимущество Опыт работы в игровых проектах. Опыт работы с таск-трекерными системами. Навыки приоритизации задач. Полная занятость, полный день. Company օverview Number of employees 51-150 Saber Interactive is a worldwide publisher and developer consisting of 13 studios in the Americas and Europe. Creating games for all major platforms based on original and licensed IPs, Saber’s titles include Warhammer 40,000: Space Marine 2, John Carpenter’s Toxic Commando, Jurassic Park: Survival, World War Z, SnowRunner, and Expeditions: A MudRunner Game . Founded in 2001, Saber is known for two decades of development partnerships with leading developer and publishers, including producing The Witcher 3: Wild Hunt for Nintendo Switch, Halo: The Master Chief Collection , Crysis Remastered , and many others. See more Benefits Free foreign language courses Corporate events Flexible working schedule Free tea, coffee and refreshments Sports Package"
job.am,https://job.am/en/job/account-manager-72389,Account Manager,Velo Group,"Kanaker-Zeytun, Yerevan","Full Time, Contract","Five-day workweek, 8 hour shift","Not required, Junior, Mid level, Senior","Sales, Business Development, Information Technologies, Software Development",,2026-04-17,,,,,"Նկարագրություն «Վելո Գրուպ» ՍՊԸ-ն փնտրում է մոտիվացված և փորձառու Հաճախորդների պատասխանատուի (Account Manager)՝ միանալու մեր դինամիկ թիմին A2P (Application-to-Person) SMS մեծածախ վաճառքի ոլորտում: Դուք պատասխանատու կլինեք միջազգային գործընկերների հետ կապերի հաստատման, տրաֆիկի վերլուծության և վաճառքի ծավալների աճի ապահովման համար: Պարտականություններ Կառավարել և զարգացնել գոյություն ունեցող հաճախորդների պորտֆելը (ագրեգատորներ, օպերատորներ և ձեռնարկություններ): Իրականացնել SMS տրաֆիկի ամենօրյա մոնիտորինգ և որակի վերահսկում: Բանակցել գործընկերների հետ՝ լավագույն սակագների և երթուղիների (routes) ձեռքբերման համար: Համագործակցել տեխնիկական թիմի հետ՝ նոր հաճախորդների միացման (onboarding) և տեխնիկական խնդիրների լուծման նպատակով: Պատրաստել հաշվետվություններ վաճառքի ցուցանիշների և շուկայի միտումների վերաբերյալ: Պահանջներ Կրթություն: Բարձրագույն կրթություն (Բիզնեսի կառավարում, Մարքեթինգ, Տեղեկատվական տեխնոլոգիաներ կամ հարակից ոլորտներ): Աշխատանքային փորձ: Նվազագույնը 1-2 տարվա փորձ վաճառքի կամ հաճախորդների սպասարկման ոլորտում (Telecom կամ IT ոլորտի փորձը կդիտվի որպես առավելություն): Պարտադիր հմտություններ: Անգլերեն լեզվի գերազանց իմացություն (գրավոր և բանավոր): Բանակցություններ վարելու և համոզելու գերազանց հմտություններ: Վերլուծական մտածողություն և տվյալների հետ աշխատելու ունակություն: CRM համակարգերից և MS Office-ից (հատկապես Excel) օգտվելու հմտություններ: Ցանկալի հմտություններ: A2P SMS շուկայի և SMPP/HTTP պրոտոկոլների բազային իմացություն: Այլ օտար լեզուների իմացություն (օրինակ՝ իսպաներեն կամ ռուսերեն): Հավելյալ նշումներ Մենք առաջարկում ենք մրցունակ աշխատավարձ, պարգևավճարներ՝ հիմնված արդյունքների վրա, և հնարավորություն աշխատելու միջազգային հեռահաղորդակցության շուկայում: Աշխատանքային օրեր և ժամեր Երկուշաբթի - Ուրբաթ: 09:30 - 18:30 (ներառյալ ընդմիջման ժամը): Company օverview Address Ավետիս Ահարոնյան 22 Number of employees 16-50 Website http://velogroup.am/ Phone +374 60 443310 Benefits Corporate events Free tea, coffee and refreshments Reward system Business trips No dress code Parental leave"
job.am,https://job.am/en/job/front-end-sksnak-cragravorogh-heravar-49062,Front-end սկսնակ ծրագրավորող (հեռավար),Berdl,Remote,Flexible,Six-day workweek,"Not required, Junior","Information Technologies, Software Development Students will also be considered",,2026-04-17,"Կազմակերպությունը աշխատանքի է հրավիրում աղջիկ HTML, CSS, JS սկսնակ ծրագրավորող (հեռավար)։",Կայքերի վերականգնում WebArchive-ից Կայքում առաջացած խնդիրների հայտնաբերում և ուղղում Կայքի համար համապատասխան պրոդուկտի ձևանմուշների (template) մշակում Պրոդուկտների գեներացում և կայքում տեղադրում,"Ինտերնետի և համակարգչի ԼԱՎ տիրապետում, Անգլերենի և ռուսերենի ԼԱՎ իմացություն, Աշխատասիրություն, HTML, CSS, JavaScript ԼԱՎ իմացություն։","Աշխատավայրը ՝ Կենտրոն համայնք, Դիմելու համար խնդրում ենք ուղարկել լուսանկարով CV։ Company օverview Number of employees 1-15 Website https://berdl.com/","Կազմակերպությունը աշխատանքի է հրավիրում աղջիկ HTML, CSS, JS սկսնակ ծրագրավորող (հեռավար)։

Կայքերի վերականգնում WebArchive-ից Կայքում առաջացած խնդիրների հայտնաբերում և ուղղում Կայքի համար համապատասխան պրոդուկտի ձևանմուշների (template) մշակում Պրոդուկտների գեներացում և կայքում տեղադրում

Ինտերնետի և համակարգչի ԼԱՎ տիրապետում, Անգլերենի և ռուսերենի ԼԱՎ իմացություն, Աշխատասիրություն, HTML, CSS, JavaScript ԼԱՎ իմացություն։

Աշխատավայրը ՝ Կենտրոն համայնք, Դիմելու համար խնդրում ենք ուղարկել լուսանկարով CV։ Company օverview Number of employees 1-15 Website https://berdl.com/"
job.am,https://job.am/en/job/av-engineer-72195,AV Engineer,CreedRoomz,Yerevan,Full Time,Five-day workweek,Mid level,"Other, Information Technologies, Software Development",,2026-04-10,,,,,"Description Creedroomz is looking for an AV Engineer to join our team. Requirements Advanced knowledge of photography concepts (aperture, shutter speed, ISO, exposure, lenses). Experience in electronic engineering and broadcast/communication equipment. Advanced knowledge of video camera operation and production video switchers. Experience with live chroma keying. Strong understanding of SDI, HDMI, network systems, and AV infrastructure. Excellent color vision and hearing. Strong IT and production management skills. Strong fault-detection and creative problem-solving abilities. Excellent attention to detail, time management, flexibility, and teamwork skills. Responsibilities Participate in studio build processes by installing, configuring, and testing dedicated audio-visual equipment. Maintain equipment used for audio-video production, broadcasting, signage, and media display. Set up and monitor audio-visual transmission links between studio units. Identify and repair technical faults promptly, implementing alternative solutions where possible to minimize interruptions. Set up and operate equipment and transmission links during live broadcasts. Install custom low-power audio-visual circuits, including data, video, and audio cabling. Assemble and configure hardware systems and related AV infrastructure. Adhere strictly to health and safety regulations in the workplace. Interpret and implement technical instructions and requests from various departments. Communicate effectively with team members and cross-functional colleagues. Stay updated with industry trends and technological advancements, researching new systems and techniques. Education: Bachelor’s degree in Information Technology, Computer Science, or a related technical field. Work Experience: Minimum 2 years of experience in audio-visual engineering, broadcast production, or studio technical operations. Professional Skills: Installation and configuration of AV systems Live broadcast technical support Troubleshooting AV and transmission systems Technical documentation Personal Skills: Strong analytical thinking Responsibility and reliability Ability to work under pressure during live operations Team-oriented mindset Location: 20 Garegin Hovsepyan St, Norq-Marash, Yerevan, Armenia 122/1 Gevorg Chaushi Highway, Proshyan Village, Nairi Community, Kotayk Province, Armenia Company օverview Address Երևան, Գ․ Հովսեփյան 20 Number of employees 501-1000 Website https://www.creedroomz.com/ Phone 37444444453 Experience the thrill of real-time action and unmatched excitement with Creedroomz Live Casino. Immerse yourself in a world of high-stakes gaming, where the finest live dealers bring your favorite casino games to life. From classic table games like Blackjack, Roulette, and Baccarat to innovative live game shows, Creedroomz delivers an authentic and immersive casino experience from the comfort of your home. With cutting-edge technology, seamless streaming, and a sleek, user-friendly interface, Creedroomz ensures you enjoy every moment as if you were in a luxurious casino, no matter where you are. Join us today and take your gaming experience to the next level. Welcome to Creedroomz Live Casino – your ultimate destination for real-time casino excitement. See more Benefits Annual salary review Free foreign language courses Corporate events Flexible working schedule Medical insurance Family medical insurance Free tea, coffee and refreshments Reward system Business trips Trainings Free parking Sports Package Sports and yoga zone Parental leave"
job.am,https://job.am/en/job/it-support-specialist-69311,IT Support Specialist,CreedRoomz,"Nork-Marash, Yerevan",Full Time,In shifts,Mid level,"Information Technologies, Software Development, Installation, Maintenance, Repair",,2026-04-09,CreedRoomz is looking for IT Support Specialist to join our team.,"Identify hardware and software solutions, troubleshoot technical issues, diagnose and repair faults. Resolve network issues, Install and configure hardware and software. Provide timely and accurate customer feedback, follow up with clients to ensure the problem is resolved. Replace or repair the necessary parts. Support the roll-out of new applications and manage multiple cases at one time. Test and evaluate new technologies, conduct electrical safety checks on equipment. Provides technical support for internal end users on routine hardware and software problems including operating system support, application support, system access problems and database support. Inputs data in Help Desk tracking system and assists with maintenance. Provide daily support to users of various computer systems including answering questions, analyzing problems, and quickly forming solutions to return systems to proper operation. Communicate clearly and effectively with end users, colleagues, and management to quickly resolve issues and ensure customer satisfaction. Create and implement new processes to improve efficiency and customer satisfaction while reducing costs.","Bachelor's degree (basic technical skills are preferable) in IT. Strong communication skills and ability to remain calm and professional in all circumstances. Quickly identify problems, form solutions, and execute step-by-step troubleshooting procedures. Working knowledge of PC operating systems and Microsoft Office Applications. Good communication skills is a must, good team member Proficiency in Windows OS. Experience with remote desktop applications and help desk software. Attention to detail and good problem-solving skills. Excellent interpersonal skills. Good written and verbal communication.",,"CreedRoomz is looking for IT Support Specialist to join our team.

Identify hardware and software solutions, troubleshoot technical issues, diagnose and repair faults. Resolve network issues, Install and configure hardware and software. Provide timely and accurate customer feedback, follow up with clients to ensure the problem is resolved. Replace or repair the necessary parts. Support the roll-out of new applications and manage multiple cases at one time. Test and evaluate new technologies, conduct electrical safety checks on equipment. Provides technical support for internal end users on routine hardware and software problems including operating system support, application support, system access problems and database support. Inputs data in Help Desk tracking system and assists with maintenance. Provide daily support to users of various computer systems including answering questions, analyzing problems, and quickly forming solutions to return systems to proper operation. Communicate clearly and effectively with end users, colleagues, and management to quickly resolve issues and ensure customer satisfaction. Create and implement new processes to improve efficiency and customer satisfaction while reducing costs.

Bachelor's degree (basic technical skills are preferable) in IT. Strong communication skills and ability to remain calm and professional in all circumstances. Quickly identify problems, form solutions, and execute step-by-step troubleshooting procedures. Working knowledge of PC operating systems and Microsoft Office Applications. Good communication skills is a must, good team member Proficiency in Windows OS. Experience with remote desktop applications and help desk software. Attention to detail and good problem-solving skills. Excellent interpersonal skills. Good written and verbal communication."
job.am,https://job.am/en/job/tesahskman-u-anvtangutyan-hamakargeri-texnik-71036,Տեսահսկման ու անվտանգության համակարգերի տեխնիկ,Homplex Hyper  Mall,"Աշտարակի խճուղի, գ․ Պռոշյան",Full Time,Six-day workweek,Senior,"Information Technologies, Software Development, Installation, Maintenance, Repair",,2026-04-09,,"Տեսահսկման, ազդանշանային և անվտանգության այլ համակարգերի տեղադրում, կարգավորում և գործարկում Տեխնիկական սպասարկում և անսարքությունների ախտորոշում ու վերացում Համակարգերի ծրագրային կարգավորումներ (DVR/NVR, IP տեսախցիկներ և այլն) Անվտանգության և աշխատանքային կանոնների պահպանում Մալուխների անցկացում, սարքավորումների միացում և փորձարկում",Անվտանգության համակարգերի վերաբերյալ գիտելիքներ Տեսահսկման համակարգերի վերաբերյալ գիտելիքներ Համակարգչային գիտելիքներ Պատասխանատվության բարձր զգացում և ճշգրտություն Թիմում և ինքնուրույն աշխատելու կարողություն Աշխատանքային փորձ առնվազն 1 տարի,"Աշխատանքային օրեր և ժամեր՝ 6-օրյա, հասցե ՝  Աշտարակի խճուղի, գ․ Պռոշյան, Գ․ Չաուշ 1/48 Company օverview Address Աշտարակի խճ․, գյուղ Պռոշյան , Գ․ Չաուշ 1/48 Number of employees 501-1000 Website https://homplex.am/ Phone 37494257567 Homplex Mall-ը Երևանի ամենամեծ առևտրի և ժամանցի կենտրոններից մեկն է։ Մոլը հիմնականում մասնագիտացած է շինարարական, վերանորոգման, տան պարագաների և կենցաղային տեխնիկայի ոլորտում, ինչի շնորհիվ այն առաջնային վայր է նրանց համար, ովքեր ցանկանում են կառուցել կամ վերանարոգել իրենց տունը վերջին նորարարություններով և տեխնոլոգիաներով: See more Benefits Annual salary review Corporate events Trainings Free parking","Տեսահսկման, ազդանշանային և անվտանգության այլ համակարգերի տեղադրում, կարգավորում և գործարկում Տեխնիկական սպասարկում և անսարքությունների ախտորոշում ու վերացում Համակարգերի ծրագրային կարգավորումներ (DVR/NVR, IP տեսախցիկներ և այլն) Անվտանգության և աշխատանքային կանոնների պահպանում Մալուխների անցկացում, սարքավորումների միացում և փորձարկում

Անվտանգության համակարգերի վերաբերյալ գիտելիքներ Տեսահսկման համակարգերի վերաբերյալ գիտելիքներ Համակարգչային գիտելիքներ Պատասխանատվության բարձր զգացում և ճշգրտություն Թիմում և ինքնուրույն աշխատելու կարողություն Աշխատանքային փորձ առնվազն 1 տարի

Աշխատանքային օրեր և ժամեր՝ 6-օրյա, հասցե ՝  Աշտարակի խճուղի, գ․ Պռոշյան, Գ․ Չաուշ 1/48 Company օverview Address Աշտարակի խճ․, գյուղ Պռոշյան , Գ․ Չաուշ 1/48 Number of employees 501-1000 Website https://homplex.am/ Phone 37494257567 Homplex Mall-ը Երևանի ամենամեծ առևտրի և ժամանցի կենտրոններից մեկն է։ Մոլը հիմնականում մասնագիտացած է շինարարական, վերանորոգման, տան պարագաների և կենցաղային տեխնիկայի ոլորտում, ինչի շնորհիվ այն առաջնային վայր է նրանց համար, ովքեր ցանկանում են կառուցել կամ վերանարոգել իրենց տունը վերջին նորարարություններով և տեխնոլոգիաներով: See more Benefits Annual salary review Corporate events Trainings Free parking"
job.am,https://job.am/en/job/system-administrator-72065,System Administrator,RINGO,"Erebuni, Yerevan",Full Time,Five-day workweek,Mid level,"Information Technologies, Software Development",,2026-04-06,RINGO is looking for a System Administrator to join our team.,"Oversee the installation, configuration, and maintenance of all hardware and software systems, including servers, networks, workstations, and security systems. Manage IT support for employees — troubleshoot hardware, software, and network connectivity issues, ensuring minimal downtime Implement and monitor network infrastructure (LAN, WAN, VLAN, DHCP, DNS, Wi-Fi). Manage data protection, backups, and disaster recovery plans across systems and storage platforms. Collaborate with other departments to understand their technology needs and contact with outsource service providers Document IT systems, configurations, and procedures, ensuring accuracy and consistency.","Experience as a System Administrator or similar role, ideally in a fast food organization. Education in Information Technology, Computer Science, or a related field. Strong knowledge of network infrastructure, server management, and systems integration. Understanding of network security, firewall rules, and data protection practices. Excellent analytical, problem-solving, and troubleshooting skills. Experience and knowledge of iiko software is an advatage. Company օverview Phone +374 41 299220",,"RINGO is looking for a System Administrator to join our team.

Oversee the installation, configuration, and maintenance of all hardware and software systems, including servers, networks, workstations, and security systems. Manage IT support for employees — troubleshoot hardware, software, and network connectivity issues, ensuring minimal downtime Implement and monitor network infrastructure (LAN, WAN, VLAN, DHCP, DNS, Wi-Fi). Manage data protection, backups, and disaster recovery plans across systems and storage platforms. Collaborate with other departments to understand their technology needs and contact with outsource service providers Document IT systems, configurations, and procedures, ensuring accuracy and consistency.

Experience as a System Administrator or similar role, ideally in a fast food organization. Education in Information Technology, Computer Science, or a related field. Strong knowledge of network infrastructure, server management, and systems integration. Understanding of network security, firewall rules, and data protection practices. Excellent analytical, problem-solving, and troubleshooting skills. Experience and knowledge of iiko software is an advatage. Company օverview Phone +374 41 299220"
job.am,https://job.am/en/job/studiayi-ajakcman-masov-texnik-71986,Ստուդիայի Աջակցման Մասով Տեխնիկ,Evolution Studio AM,Yerevan,Full Time,,Mid level,"Information Technologies, Software Development",,2026-04-04,,,,,"Աշխատանքի նկարագրություն և պարտականություններ՝ Ստուդիաների, պանելների, մոնիտորների, դեկորատիվ վահանակների, մալուխների և ստուդիայի սարքավորումների տեղադրում և սպասարկում։ Շերտավոր գորգեր, աշխատանք փայտի և մետաղի հետ, ներկերի և պարզ առաջադրանքների արհեստանոցում պարզ սարքավորումների և ագրեգատների վրա: Ստուդիաներում վիզուալ միջավայրի պատրաստում, դեկորատիվ պանելների տեղադրում Ցածր լարման տվյալների մալուխների տեղադրում Ստուդիայի կահույքի տեղադրում Համալիր սարքավորումների, ներառյալ տեսախցիկների, սկաներների, ԱՀ-ների, լույսերի տեղադրում` համաձայն տրված սխեմաների և ուղեցույցների Ձայնամեկուսիչ միջավայրերի պատրաստում, կլանիչների տեղադրում Փայտի, կտորի և մետաղի  աշխատանքների կատարում Որակավորումներ՝ Միջնակարգ կրթություն Հայերենի մասնագիտական ​​աշխատանքային իմացություն և անգլերենի բավարար աշխատանքային իմացություն Ստանդարտ գործիքների (էլեկտրական գայլիկոն, սղոց, մուրճ, էլեկտրական սղոց, էլեկտրական պտուտակահան, կարիչ և այլն) աշխատելու սկսնակ/միջանկյալ հմտություններ: Պատասխանատվության բարձր զգացում Ուղղակի կառավարման պատվերները և աշխատանքային առաջադրանքները ճշգրիտ կատարելու ունակություն Թիմում աշխատելու ունակություն Առնվազն 1 տարվա աշխատանքային փորձ որպես ատաղձագործ, շինարարություն կամ հարակից այլ ոլորտ Արտոնություններ` հանգստի և խաղային գոտիներ առողջության ապահովագրության փաթեթ, արտոնության քարտ. Company օverview Address Isakov 24/7, Yerevan, Armenia Number of employees 1001+ Website https://www.evolution.com/ Evolution is a market-leading Swedish company, developer and provider of products and services for online casino entertainment founded in 2006 and listed on Nasdaq Nordic (EVO).Across our 40+ sites, we have 20 000+ people working in the fields of Product Innovation, Software Development, Game Presenters & Hosts, IT support, Facility & Studio build as well as support services. Evolution's dynamic and creative environment creates a unique opportunity for personal and professional growth. Since entering the Armenian market in 2020, Evolution Armenia has rapidly established itself as a major employer with a reputation for excellence. We are committed to becoming one of the premier employers in the region, offering exciting career opportunities and challenging experiences. Are you ready for new opportunities and eager to gain valuable experience? If you’re prepared for challenges and growth, we want to hear from you. See more Benefits Free foreign language courses Corporate events Flexible working schedule Medical insurance Family medical insurance Free tea, coffee and refreshments Reward system Personal accident, death, illness insurance Trainings Sports Package No dress code Sports and yoga zone Parental leave"
job.am,https://job.am/en/job/studiayi-sarqavorumneri-ajakcman-masnaget-71985,Ստուդիայի Սարքավորումների Աջակցման Մասնագետ,Evolution Studio AM,Yerevan,Full Time,In shifts,Mid level,"Information Technologies, Software Development",,2026-04-04,,,,,"Էվոլյուշնը փնտրում է Ստուդիայի Սարքավորումների Աջակցման Մասնագետ Job Description Տեղադրել, մաքրել, փոխել և կարգավորել հիմնական սարքավորումները, Կատարել սարքավորումների փորձարկումներ, Ապահովել սարքավորումների կանխարգելիչ սպասարկում, Վերահսկել սարքավորումների աշխատանքը, կատարել գնահատումներ և որոշումներ կայացնել անհրաժեշտ գործողությունների վերաբերյալ, Ապահովել սարքավորումների առկայությունը 24/7, Զեկուցել սարքավորումների հետ կապված խնդիրների մասին, Ռուլետկա անիվների մաքրում/սպասարկում, Խաղային մեքենաների մաքրում/սպասարկում/փոխանակում, Տախտակամածի ստուգիչի մաքրում/սպասարկում, Սեղանների ստուգում, Կատարել քարտեր/սարքավորումների տեղափոխում հաստատության ներսում, Կազմակերպել սարքավորումների օգտագործումը, Մշտադիտարկել ջերմաստիճանը խաղային հարկերի և պահեստների վրա, Պահեստում գտնվող սարքավորումների մոնիտորինգ և հետևում, Համագործակցել այլ ստորաբաժանումների հետ: Qualifications Միջնակարգ կրթություն՝ (բարձրագույն, մասնագիտական և այլն), Աշխատանքային փորձը նախընտրելի է մինչև 6 ամիս, Անգլերենի գրավոր և բանավոր մասնագիտական աշխատանքային իմացություն, Ստանդարտ ծրագրային հավելվածների հետ աշխատելու փորձ, ներառյալ MS Office, Windows և այլն Պատասխանատվության բարձր զգացում, Հանձնարարված առաջադրանքները պահպանելու և վերջնաժամկետները պահպանելու ունակություն, Թիմում, ինչպես նաև ինքնուրույն աշխատելու կարողություն, Արագ արձագանք և ուշադրություն մանրուքների նկատմամբ, ճնշմանը դիմակայելու կարողություն, Գաղտնի տեղեկատվության հետ աշխատելու ունակություն, Ընկերության նպատակներին հասնելու մոտիվացիա, Տարբեր հերթափոխով աշխատելու ունակություն։ Additional information մարզադահլիճով և ճաշարանով համալրված աշխատավայր, գերժամանակակից հեռարձակման ստուդիայում աշխատանքային փորձ ձեռք բերելու հնարավորություն, մասնագիտական ​​և անհատական ​​զարգացման հնարավորություններ` կարիերայի աճի հնարավորություն, առողջության ապահովագրության փաթեթ, արտոնության քարտ Company օverview Address Isakov 24/7, Yerevan, Armenia Number of employees 1001+ Website https://www.evolution.com/ Evolution is a market-leading Swedish company, developer and provider of products and services for online casino entertainment founded in 2006 and listed on Nasdaq Nordic (EVO).Across our 40+ sites, we have 20 000+ people working in the fields of Product Innovation, Software Development, Game Presenters & Hosts, IT support, Facility & Studio build as well as support services. Evolution's dynamic and creative environment creates a unique opportunity for personal and professional growth. Since entering the Armenian market in 2020, Evolution Armenia has rapidly established itself as a major employer with a reputation for excellence. We are committed to becoming one of the premier employers in the region, offering exciting career opportunities and challenging experiences. Are you ready for new opportunities and eager to gain valuable experience? If you’re prepared for challenges and growth, we want to hear from you. See more Benefits Free foreign language courses Corporate events Flexible working schedule Medical insurance Family medical insurance Free tea, coffee and refreshments Reward system Personal accident, death, illness insurance Trainings Sports Package No dress code Sports and yoga zone Parental leave"
job.am,https://job.am/en/job/senior-backend-developer-71824,Senior Backend Developer,Nika S.A,Yerevan,"Full Time, Part Time, Contract",Five-day workweek,Senior,"Other, Information Technologies, Software Development Open to international applicants",,2026-04-01,"As a Backend Software Developer, you will be responsible for designing, developing, and maintaining backend services and APIs. You will collaborate with cross-functional teams to build robust and efficient backend systems that integrate seamlessly with front-end applications and cloud-based services. The ideal candidate will have a minimum of 3+ years of experience in backend development and a strong technical background in .NET Core, API development, and cloud services.","Design, develop, and maintain backend services and APIs. Optimize database performance and design efficient data models. Implement authentication, authorization, and security best practices. Develop and maintain asynchronous processing and messaging systems. Work closely with front-end and DevOps teams to integrate backend functionalities. Debug, troubleshoot, and improve system performance and reliability. Design and implement seamless integration between backend services and cloud-based services (e.g., AWS S3 for storage, AWS Lambda for processing). Establish and maintain robust API contracts with the front-end team to ensure smooth data exchange and feature delivery. Configure and monitor integration points with external third-party APIs and services. Collaborate with DevOps to integrate backend services into CI/CD pipelines for automated deployment and testing. Implement and integrate distributed tracing and logging solutions to monitor cross-service communication in event-driven and distributed architectures.","3+ years of experience in back-end development. Strong expertise in .NET Core / ASP.NET Core for building web APIs and backend services. Proficiency in C# with a focus on clean, efficient, and scalable code. Experience with relational databases such as PostgreSQL or SQL Server (writin complex queries, optimizing performance, designing schemas) Strong understanding of RESTful API design and development. Implementation of authentication and authorization using OAuth2, JWT, and AWS Cognito. Experience with asynchronous processing and messaging systems (e.g., Kafka, RabbitMQ, AWS SNS/SQS). Background in building distributed systems and event-driven architectures.","Preferred Skills Familiarity with NoSQL databases (e.g., DynamoDB, MongoDB). Hands-on experience with AWS services, particularly: AWS Lambda (serverless functions). AWS Cognito (authentication and user management). AWS S3, API Gateway, and DynamoDB. Familiarity with CI/CD pipelines and testing frameworks. Work Style Agile and SCRUM methodologies for collaborative and efficient project delivery. Excellent communication and teamwork skills. Nika S.A. is a forward-thinking tech firm in Armenia, driving digital transformation through high-end software engineering. As a company, we are committed to staying ahead of the curve, specializing in the creation of responsive, user-centric platforms designed for global reach. Our culture is vibrant, energetic, and professional . We believe that the best products are built by teams that are given the tools and the freedom to innovate. At Nika S.A., we leverage the latest in JavaScript technologies and cloud-ready architectures to deliver seamless experiences in a rapidly evolving market. Join a Team That Values: Innovation: We encourage a ""fail fast, learn faster"" mindset within a supportive, professional framework. Collaboration: A young, diverse team where open communication and collective problem-solving are the norms. Impact: The opportunity to work on high-traffic applications where your code directly affects the user experience. If you are a proactive professional seeking a career in a company that balances a dynamic startup energy with corporate stability , Nika S.A. is the place for you. See more","As a Backend Software Developer, you will be responsible for designing, developing, and maintaining backend services and APIs. You will collaborate with cross-functional teams to build robust and efficient backend systems that integrate seamlessly with front-end applications and cloud-based services. The ideal candidate will have a minimum of 3+ years of experience in backend development and a strong technical background in .NET Core, API development, and cloud services.

Design, develop, and maintain backend services and APIs. Optimize database performance and design efficient data models. Implement authentication, authorization, and security best practices. Develop and maintain asynchronous processing and messaging systems. Work closely with front-end and DevOps teams to integrate backend functionalities. Debug, troubleshoot, and improve system performance and reliability. Design and implement seamless integration between backend services and cloud-based services (e.g., AWS S3 for storage, AWS Lambda for processing). Establish and maintain robust API contracts with the front-end team to ensure smooth data exchange and feature delivery. Configure and monitor integration points with external third-party APIs and services. Collaborate with DevOps to integrate backend services into CI/CD pipelines for automated deployment and testing. Implement and integrate distributed tracing and logging solutions to monitor cross-service communication in event-driven and distributed architectures.

3+ years of experience in back-end development. Strong expertise in .NET Core / ASP.NET Core for building web APIs and backend services. Proficiency in C# with a focus on clean, efficient, and scalable code. Experience with relational databases such as PostgreSQL or SQL Server (writin complex queries, optimizing performance, designing schemas) Strong understanding of RESTful API design and development. Implementation of authentication and authorization using OAuth2, JWT, and AWS Cognito. Experience with asynchronous processing and messaging systems (e.g., Kafka, RabbitMQ, AWS SNS/SQS). Background in building distributed systems and event-driven architectures.

Preferred Skills Familiarity with NoSQL databases (e.g., DynamoDB, MongoDB). Hands-on experience with AWS services, particularly: AWS Lambda (serverless functions). AWS Cognito (authentication and user management). AWS S3, API Gateway, and DynamoDB. Familiarity with CI/CD pipelines and testing frameworks. Work Style Agile and SCRUM methodologies for collaborative and efficient project delivery. Excellent communication and teamwork skills. Nika S.A. is a forward-thinking tech firm in Armenia, driving digital transformation through high-end software engineering. As a company, we are committed to staying ahead of the curve, specializing in the creation of responsive, user-centric platforms designed for global reach. Our culture is vibrant, energetic, and professional . We believe that the best products are built by teams that are given the tools and the freedom to innovate. At Nika S.A., we leverage the latest in JavaScript technologies and cloud-ready architectures to deliver seamless experiences in a rapidly evolving market. Join a Team That Values: Innovation: We encourage a ""fail fast, learn faster"" mindset within a supportive, professional framework. Collaboration: A young, diverse team where open communication and collective problem-solving are the norms. Impact: The opportunity to work on high-traffic applications where your code directly affects the user experience. If you are a proactive professional seeking a career in a company that balances a dynamic startup energy with corporate stability , Nika S.A. is the place for you. See more"
job.am,https://job.am/en/job/senior-seo-specialist-71820,Senior SEO Specialist,Nika S.A,Yerevan,Contract,Five-day workweek,Mid level,"Information Technologies, Software Development Open to international applicants",,2026-03-31,,,,,"We are looking for a Senior SEO Specialist with hands-on experience in SEO strategies to scale affiliate assets across multiple GEOs. This role is execution-heavy, results-driven, and focused on traffic → registration → FTD performance. Key Responsibilities 1. SEO Strategy & Execution Plan and execute SEO strategies for affiliate websites across multiple markets (Asia, India, LATAM, etc.). Build and scale SEO assets using: PBNs Expired domains Auctioned domains Restructure expired or aged domains into high-converting affiliate sites (branding, content mapping, redirects, cannibalisation control). 2. Advanced SEO Knowledge Understand and execute SEO techniques when required, including: Webshell setups Cloaking / content switching Backdoor page deployment Ability to assess risk vs reward and decide when and where these methods are appropriate. 3. Keyword & Competitor Research Perform deep keyword research (brand, non-brand, money keywords, long-tail). Reverse-engineer competitors’ SEO strategies: Link profiles Domain structures Content & template strategies Identify ranking gaps and scalable opportunities. 4. Automation & AI-Driven Scaling Automate website creation and scaling using AI tools : Website templates Content frameworks Page generation Work with internal systems or propose better automation workflows for faster deployment. Experience 4–5+ years of proven SEO experience (affiliate or operator side). Hands-on experience with grey-hat SEO in competitive niches. Strong understanding of grey-hat SEO concepts (webshell, cloaking, backdoor setups). Technical & SEO Skills Strong knowledge of: Expired domain analysis & deployment Redirect strategies & domain restructuring Large-scale SEO site architectures Comfortable working with automation tools and AI workflows. Nika S.A. is a forward-thinking tech firm in Armenia, driving digital transformation through high-end software engineering. As a company, we are committed to staying ahead of the curve, specializing in the creation of responsive, user-centric platforms designed for global reach. Our culture is vibrant, energetic, and professional . We believe that the best products are built by teams that are given the tools and the freedom to innovate. At Nika S.A., we leverage the latest in JavaScript technologies and cloud-ready architectures to deliver seamless experiences in a rapidly evolving market. Join a Team That Values: Innovation: We encourage a ""fail fast, learn faster"" mindset within a supportive, professional framework. Collaboration: A young, diverse team where open communication and collective problem-solving are the norms. Impact: The opportunity to work on high-traffic applications where your code directly affects the user experience. If you are a proactive professional seeking a career in a company that balances a dynamic startup energy with corporate stability , Nika S.A. is the place for you. See more"
job.am,https://job.am/en/job/shopify-operations-specialist-full-time-71781,Shopify & Operations Specialist (Full-Time),Selfup Cooking Classes,"Kentron, Yerevan",Full Time,Five-day workweek,"Mid level, Senior","Information Technologies, Software Development",,2026-03-29,"We are hiring a hands-on Shopify & Operations Specialist to independently manage our Shopify stores, Zendesk workspace, reporting, and third-party platforms. This is a full-time, individual contributor role — not a managerial position.","Shopify Store Management (Primary Focus) Daily management of Shopify stores Website content additions, changes, and structural updates Theme updates and ongoing store maintenance Hands-on work with Shopify Liquid , HTML, and CSS Troubleshooting store-related issues Zendesk Workspace Administration (Required) Ongoing maintenance of Zendesk workspace Creation and management of macros and ticketing logic Implementation of new Zendesk features as they become available Workflow and configuration updates based on operational needs Reporting & Data Work Preparation of regular operational and performance reports Working with data in Excel / Google Sheets Ensuring data accuracy and consistency across systems Creating custom reports when required Third-Party Platform Management Managing and updating third-party booking and experience platforms Performing periodic availability checks Handling platform updates and related correspondence General Operations Updating cooking class availability upon request Implementing general website updates Performing basic SEO checks when needed",,,"We are hiring a hands-on Shopify & Operations Specialist to independently manage our Shopify stores, Zendesk workspace, reporting, and third-party platforms. This is a full-time, individual contributor role — not a managerial position.

Shopify Store Management (Primary Focus) Daily management of Shopify stores Website content additions, changes, and structural updates Theme updates and ongoing store maintenance Hands-on work with Shopify Liquid , HTML, and CSS Troubleshooting store-related issues Zendesk Workspace Administration (Required) Ongoing maintenance of Zendesk workspace Creation and management of macros and ticketing logic Implementation of new Zendesk features as they become available Workflow and configuration updates based on operational needs Reporting & Data Work Preparation of regular operational and performance reports Working with data in Excel / Google Sheets Ensuring data accuracy and consistency across systems Creating custom reports when required Third-Party Platform Management Managing and updating third-party booking and experience platforms Performing periodic availability checks Handling platform updates and related correspondence General Operations Updating cooking class availability upon request Implementing general website updates Performing basic SEO checks when needed"
job.am,https://job.am/en/job/1c-operator-71639,1C օպերատոր,Carat Trade,Yerevan,Full Time,,Mid level,"Administrative, Clerical, Information Technologies, Software Development",,2026-03-26,,,"Սեռը ցանկալի է արական սեռի, Կրթությունը՝ բարձրագույն, կամ վերջին կուրսում հեռակա սովորող, Փորձը՝ ցանկալի է, բայց պարտադիր չէ, Ունակություններ՝ որոշակի տեղեկություններ Excel, Word, 1C, լավ տիրապետելը կդիտվի որպես առավելություն, Կարևոր հատկանիշներ՝ սթրեսակայունություն, պաևտաճանաչություն։ Company օverview Address Աշոտ Հովհաննիսյան 24/4, Yerevan, Armenia Number of employees 151-500 Phone 060434343 Ծխախոտի իրացում See more",,"Սեռը ցանկալի է արական սեռի, Կրթությունը՝ բարձրագույն, կամ վերջին կուրսում հեռակա սովորող, Փորձը՝ ցանկալի է, բայց պարտադիր չէ, Ունակություններ՝ որոշակի տեղեկություններ Excel, Word, 1C, լավ տիրապետելը կդիտվի որպես առավելություն, Կարևոր հատկանիշներ՝ սթրեսակայունություն, պաևտաճանաչություն։ Company օverview Address Աշոտ Հովհաննիսյան 24/4, Yerevan, Armenia Number of employees 151-500 Phone 060434343 Ծխախոտի իրացում See more"
job.am,https://job.am/en/job/bitrix24-nerdman-xorhrdatu-och-cragravorogh-70645,Bitrix24 ներդման խորհրդատու (ոչ ծրագրավորող),TML CONSULTING LLC,"Kentron, Yerevan",Full Time,Five-day workweek,"Mid level, Senior","Information Technologies, Software Development",,2026-03-25,,,,,"Հիմնական պարտականությունները Bitrix24 CRM համակարգի ամբողջական ադմինիստրացիա, կարգաբերում և սպասարկում Համակարգի հարմարեցում ընկերության բիզնես գործընթացներին և կառուցվածքին Բիզնես ավտոմատացումների մշակում՝ custom մոդուլներ webhook-ներ ինտեգրացիաներ (REST API) Կոդային լուծումների մշակում (PHP / JavaScript) Անվտանգության քաղաքականության, պահուստավորման (backup) և թարմացումների պլանավորում և իրականացում Համագործակցություն ներքին թիմերի հետ՝ գործընթացների օպտիմալացման նպատակով Օգտատերերի ուսուցում (training) և գործնական խորհրդատվություն Պահանջվող հմտությունները և փորձը Բարձրագույն տեխնիկական կրթություն Bitrix24 համակարգի խորացված կարգաբերման և ադմինիստրացիայի առնվազն 2 տարվա փորձ Ինտեգրացիաների իրականացում այլ համակարգերի հետ REST API, webhook-ներ, միկրոսերվիսային ինտեգրման փորձ Վեբ ծրագրավորման գործնական հմտություններ՝ PHP, JavaScript SQL և տվյալների կառավարման հիմունքներ Զարգացման և թեստավորման գործիքների հետ աշխատանք Վերլուծական մտածողություն, խնդիրների արագ լուծման ունակություն։ Company օverview Address Տերյան 1/1 Number of employees 51-150 Website https://tmlconsultant.com/ Մենք տրամադրում ենք խորհրդատվություն բիզնեսի կառավարման, իրավական, ֆինանսական և վաճառքի խթանման , նոր նախագծերի մշակման և իրագործման, ֆրանչայզ մոդելների ստեղծման և ձեռք բերման գծով, աջակցում ենք ընկերություններին մշակել համապատասխան ռազմավարություն, ուղեկցում ենք տնտեսական գործունեության բոլոր փուլերում: Մենք օգնում ենք օպտիմալացնել ընկերության գործունեությունը, կրճատել ծախսերը, գտնել նորագույն տեխնոլոգիական լուծումներ, բիզնեսում կիրառել նորորարական մոտեցումներ և արդիականացնել այն՝ ապահովելով շարունակական աճ և լուրջ արդյունքների ստացում: See more"
job.am,https://job.am/en/job/senior-front-end-software-developer-71596,Senior Front-end Software Developer,Nika S.A,Yerevan,"Full Time, Contract",,Senior,"Information Technologies, Software Development Open to international applicants",,2026-03-25,,"Development: Build and scale complex UIs using Next.js and React.js . Architecture: Design and implement System Architecture solutions , leveraging Cloud environments for optimized deployment. PWA: Develop and maintain Progressive Web Applications to enhance mobile user engagement. Engineering: Write clean, efficient TypeScript and integrate with RESTful/GraphQL APIs . Quality & Mentorship: Lead code reviews and mentor team members to maintain rigorous engineering standards. Optimization: Ensure cross-browser compatibility and maximize application speed for high-traffic environments.","iGaming Experience: Proven track record within the iGaming industry. Front-end Expertise: 5+ years of experience with Next.js, React.js, TypeScript , and ES6+ . PWA Mastery: Demonstrated experience building and deploying Progressive Web Apps . Cloud Architecture: Familiarity with System Architecture and deploying front-end solutions in Cloud environments (AWS/GCP/Azure). Version Control: Proficiency in Git and modern CI/CD workflows. Communication: Fluent English and a collaborative, problem-solving mindset.",,"Development: Build and scale complex UIs using Next.js and React.js . Architecture: Design and implement System Architecture solutions , leveraging Cloud environments for optimized deployment. PWA: Develop and maintain Progressive Web Applications to enhance mobile user engagement. Engineering: Write clean, efficient TypeScript and integrate with RESTful/GraphQL APIs . Quality & Mentorship: Lead code reviews and mentor team members to maintain rigorous engineering standards. Optimization: Ensure cross-browser compatibility and maximize application speed for high-traffic environments.

iGaming Experience: Proven track record within the iGaming industry. Front-end Expertise: 5+ years of experience with Next.js, React.js, TypeScript , and ES6+ . PWA Mastery: Demonstrated experience building and deploying Progressive Web Apps . Cloud Architecture: Familiarity with System Architecture and deploying front-end solutions in Cloud environments (AWS/GCP/Azure). Version Control: Proficiency in Git and modern CI/CD workflows. Communication: Fluent English and a collaborative, problem-solving mindset."
job.am,https://job.am/en/job/system-administrator-71040,System Administrator,Gulf Armenia,Yerevan,Full Time,Five-day workweek,Senior,"Information Technologies, Software Development, Installation, Maintenance, Repair",,2026-03-22,Gulf Armenia is looking for an experienced System Administrator to join our team.,"Oversee the installation, configuration, and maintenance of all hardware and software systems, including servers, networks, workstations, and security systems. Manage IT support for employees — troubleshoot hardware, software, and network connectivity issues, ensuring minimal downtime. Administer QNAP NAS systems: user access, backups, snapshots, and remote replication. Configure and maintain Fortigate firewalls, VPNs, and network security policies to safeguard company assets. Implement and monitor network infrastructure (LAN, WAN, VLAN, DHCP, DNS, Wi-Fi). Set up and maintain Moxa devices (switches, serial-to-Ethernet converters, gateways) for communication with industrial equipment. Configure and troubleshoot RS-485 / Modbus communication protocols for integration with controllers and IoT devices. Manage data protection, backups, and disaster recovery plans across systems and storage platforms. Conduct regular security audits, monitor network performance, and proactively identify risks. Collaborate with other departments to understand their technology needs and provide tailored IT solutions. Manage vendor relationships and service provider contracts to ensure reliability and cost-effectiveness. Document IT systems, configurations, and procedures, ensuring accuracy and consistency.","Minimum 4 years of experience as a System Administrator or similar role, ideally in a non-IT-focused or industrial organization. Bachelor’s degree in Information Technology, Computer Science, or a related field (Master’s preferred). Strong English and Russian communication skills. Solid knowledge of network infrastructure, server management, and systems integration. Proven experience with QNAP NAS management and data backup strategies. Fortigate firewall configuration and VPN management. Moxa industrial devices (switches, serial converters, remote I/O). RS-485/Modbus serial communication setup and diagnostics. Experience with Windows Server, Active Directory, and Linux environments. Understanding of network security, firewall rules, and data protection practices. Excellent analytical, problem-solving, and troubleshooting skills. Company օverview Address Տիգրան Մեծ 16 Number of employees 151-500 Phone +374 94 781801 Gulf Armenia is a new gas station brand operating in Armenia, offering a range of fuels and services. Our success is driven by high quality fuel, wide range of convenience store products, quality coffee, attractive fast food offer and exceptional customer service. This international brand has been represented officially in Armenia by ""AMRECO"" LLC, since 2024. We trace the establishment of our world brand to 1901 in the USA. Nowadays Gulf Oil International distributes high quality oil products to more than 100 countries and is one of the major players in the world market. We import fuel from the best oil refineries in Europe whose quality controls comply with world class standards. Gulf refueling stations are distinguished with modern equipment and western state of the art innovative technologies. Gulf is one of the new major employers in Armenia. Continuing to build the strong team is a great challenge for the Company. For these reasons Gulf is always focused on recruiting the brightest and most talented people. Our company is oriented on and always tries to capture opportunities for growth and development. See more Benefits Corporate events Free tea, coffee and refreshments Reward system Trainings Free parking",,"Gulf Armenia is looking for an experienced System Administrator to join our team.

Oversee the installation, configuration, and maintenance of all hardware and software systems, including servers, networks, workstations, and security systems. Manage IT support for employees — troubleshoot hardware, software, and network connectivity issues, ensuring minimal downtime. Administer QNAP NAS systems: user access, backups, snapshots, and remote replication. Configure and maintain Fortigate firewalls, VPNs, and network security policies to safeguard company assets. Implement and monitor network infrastructure (LAN, WAN, VLAN, DHCP, DNS, Wi-Fi). Set up and maintain Moxa devices (switches, serial-to-Ethernet converters, gateways) for communication with industrial equipment. Configure and troubleshoot RS-485 / Modbus communication protocols for integration with controllers and IoT devices. Manage data protection, backups, and disaster recovery plans across systems and storage platforms. Conduct regular security audits, monitor network performance, and proactively identify risks. Collaborate with other departments to understand their technology needs and provide tailored IT solutions. Manage vendor relationships and service provider contracts to ensure reliability and cost-effectiveness. Document IT systems, configurations, and procedures, ensuring accuracy and consistency.

Minimum 4 years of experience as a System Administrator or similar role, ideally in a non-IT-focused or industrial organization. Bachelor’s degree in Information Technology, Computer Science, or a related field (Master’s preferred). Strong English and Russian communication skills. Solid knowledge of network infrastructure, server management, and systems integration. Proven experience with QNAP NAS management and data backup strategies. Fortigate firewall configuration and VPN management. Moxa industrial devices (switches, serial converters, remote I/O). RS-485/Modbus serial communication setup and diagnostics. Experience with Windows Server, Active Directory, and Linux environments. Understanding of network security, firewall rules, and data protection practices. Excellent analytical, problem-solving, and troubleshooting skills. Company օverview Address Տիգրան Մեծ 16 Number of employees 151-500 Phone +374 94 781801 Gulf Armenia is a new gas station brand operating in Armenia, offering a range of fuels and services. Our success is driven by high quality fuel, wide range of convenience store products, quality coffee, attractive fast food offer and exceptional customer service. This international brand has been represented officially in Armenia by ""AMRECO"" LLC, since 2024. We trace the establishment of our world brand to 1901 in the USA. Nowadays Gulf Oil International distributes high quality oil products to more than 100 countries and is one of the major players in the world market. We import fuel from the best oil refineries in Europe whose quality controls comply with world class standards. Gulf refueling stations are distinguished with modern equipment and western state of the art innovative technologies. Gulf is one of the new major employers in Armenia. Continuing to build the strong team is a great challenge for the Company. For these reasons Gulf is always focused on recruiting the brightest and most talented people. Our company is oriented on and always tries to capture opportunities for growth and development. See more Benefits Corporate events Free tea, coffee and refreshments Reward system Trainings Free parking"
